,Naam,aantalst,pdf,rol_id,omschrijving
10813,R-05-002-01,2,leeg.pdf,30,
10814,R-05-002-01,2,leeg.pdf,30,
10815,R-05-002-02,2,leeg.pdf,30,
10816,R-05-002-02,2,leeg.pdf,30,
10817,R-05-002-03,2,leeg.pdf,30,
10818,R-05-002-03,2,leeg.pdf,30,
10819,R-05-002-04,2,leeg.pdf,30,
10820,R-05-002-04,2,leeg.pdf,30,
10821,R-05-002-05,2,leeg.pdf,30,
10822,R-05-002-05,2,leeg.pdf,30,
10823,R-05-004-01,2,leeg.pdf,30,
10824,R-05-004-01,2,leeg.pdf,30,
10825,R-05-004-02,2,leeg.pdf,30,
10826,R-05-004-02,2,leeg.pdf,30,
10827,R-05-004-03,2,leeg.pdf,30,
10828,R-05-004-03,2,leeg.pdf,30,
10829,R-05-004-04,2,leeg.pdf,30,
10830,R-05-004-04,2,leeg.pdf,30,
10831,R-05-004-05,2,leeg.pdf,30,
10832,R-05-004-05,2,leeg.pdf,30,
10833,R-05-006-01,2,leeg.pdf,30,
10834,R-05-006-01,2,leeg.pdf,30,
10835,R-05-006-02,2,leeg.pdf,30,
10836,R-05-006-02,2,leeg.pdf,30,
10837,R-05-006-03,2,leeg.pdf,30,
10838,R-05-006-03,2,leeg.pdf,30,
10839,R-05-006-04,2,leeg.pdf,30,
10840,R-05-006-04,2,leeg.pdf,30,
10841,R-05-006-05,2,leeg.pdf,30,
10842,R-05-006-05,2,leeg.pdf,30,
10843,R-05-008-01,2,leeg.pdf,30,
10844,R-05-008-01,2,leeg.pdf,30,
10845,R-05-008-02,2,leeg.pdf,30,
10846,R-05-008-02,2,leeg.pdf,30,
10847,R-05-008-03,2,leeg.pdf,30,
10848,R-05-008-03,2,leeg.pdf,30,
10849,R-05-008-04,2,leeg.pdf,30,
10850,R-05-008-04,2,leeg.pdf,30,
10851,R-05-008-05,2,leeg.pdf,30,
10852,R-05-008-05,2,leeg.pdf,30,
10853,R-05-010-01,2,leeg.pdf,30,
10854,R-05-010-01,2,leeg.pdf,30,
10855,R-05-010-02,2,leeg.pdf,30,
10856,R-05-010-02,2,leeg.pdf,30,
10857,R-05-010-03,2,leeg.pdf,30,
10858,R-05-010-03,2,leeg.pdf,30,
10859,R-05-010-04,2,leeg.pdf,30,
10860,R-05-010-04,2,leeg.pdf,30,
10861,R-05-010-05,2,leeg.pdf,30,
10862,R-05-010-05,2,leeg.pdf,30,
10863,R-05-012-01,2,leeg.pdf,30,
10864,R-05-012-01,2,leeg.pdf,30,
10865,R-05-012-02,2,leeg.pdf,30,
10866,R-05-012-02,2,leeg.pdf,30,
10867,R-05-012-03,2,leeg.pdf,30,
10868,R-05-012-03,2,leeg.pdf,30,
10869,R-05-012-04,2,leeg.pdf,30,
10870,R-05-012-04,2,leeg.pdf,30,
10871,R-05-012-05,2,leeg.pdf,30,
10872,R-05-012-05,2,leeg.pdf,30,
10873,R-05-014-01,2,leeg.pdf,30,
10874,R-05-014-01,2,leeg.pdf,30,
10875,R-05-014-02,2,leeg.pdf,30,
10876,R-05-014-02,2,leeg.pdf,30,
10877,R-05-014-03,2,leeg.pdf,30,
10878,R-05-014-03,2,leeg.pdf,30,
10879,R-05-014-04,2,leeg.pdf,30,
10880,R-05-014-04,2,leeg.pdf,30,
10881,R-05-014-05,2,leeg.pdf,30,
10882,R-05-014-05,2,leeg.pdf,30,
10883,R-05-016-01,2,leeg.pdf,30,
10884,R-05-016-01,2,leeg.pdf,30,
10885,R-05-016-02,2,leeg.pdf,30,
10886,R-05-016-02,2,leeg.pdf,30,
10887,R-05-016-03,2,leeg.pdf,30,
10888,R-05-016-03,2,leeg.pdf,30,
10889,R-05-016-04,2,leeg.pdf,30,
10890,R-05-016-04,2,leeg.pdf,30,
10891,R-05-016-05,2,leeg.pdf,30,
10892,R-05-016-05,2,leeg.pdf,30,
10893,R-05-018-01,2,leeg.pdf,30,
10894,R-05-018-01,2,leeg.pdf,30,
10895,R-05-018-02,2,leeg.pdf,30,
10896,R-05-018-02,2,leeg.pdf,30,
10897,R-05-018-03,2,leeg.pdf,30,
10898,R-05-018-03,2,leeg.pdf,30,
10899,R-05-018-04,2,leeg.pdf,30,
10900,R-05-018-04,2,leeg.pdf,30,
10901,R-05-018-05,2,leeg.pdf,30,
10902,R-05-018-05,2,leeg.pdf,30,
10903,R-05-020-01,2,leeg.pdf,30,
10904,R-05-020-01,2,leeg.pdf,30,
10905,R-05-020-02,2,leeg.pdf,30,
10906,R-05-020-02,2,leeg.pdf,30,
10907,R-05-020-03,2,leeg.pdf,30,
10908,R-05-020-03,2,leeg.pdf,30,
10909,R-05-020-04,2,leeg.pdf,30,
10910,R-05-020-04,2,leeg.pdf,30,
10911,R-05-020-05,2,leeg.pdf,30,
10912,R-05-020-05,2,leeg.pdf,30,
10913,R-05-022-01,2,leeg.pdf,30,
10914,R-05-022-01,2,leeg.pdf,30,
10915,R-05-022-02,2,leeg.pdf,30,
10916,R-05-022-02,2,leeg.pdf,30,
10917,R-05-022-03,2,leeg.pdf,30,
10918,R-05-022-03,2,leeg.pdf,30,
10919,R-05-022-04,2,leeg.pdf,30,
10920,R-05-022-04,2,leeg.pdf,30,
10921,R-05-022-05,2,leeg.pdf,30,
10922,R-05-022-05,2,leeg.pdf,30,
10923,R-05-024-01,2,leeg.pdf,30,
10924,R-05-024-01,2,leeg.pdf,30,
10925,R-05-024-02,2,leeg.pdf,30,
10926,R-05-024-02,2,leeg.pdf,30,
10927,R-05-024-03,2,leeg.pdf,30,
10928,R-05-024-03,2,leeg.pdf,30,
10929,R-05-024-04,2,leeg.pdf,30,
10930,R-05-024-04,2,leeg.pdf,30,
10931,R-05-024-05,2,leeg.pdf,30,
10932,R-05-024-05,2,leeg.pdf,30,
10933,R-05-026-01,2,leeg.pdf,30,
10934,R-05-026-01,2,leeg.pdf,30,
10935,R-05-026-02,2,leeg.pdf,30,
10936,R-05-026-02,2,leeg.pdf,30,
10937,R-05-026-03,2,leeg.pdf,30,
10938,R-05-026-03,2,leeg.pdf,30,
10939,R-05-026-04,2,leeg.pdf,30,
10940,R-05-026-04,2,leeg.pdf,30,
10941,R-05-026-05,2,leeg.pdf,30,
10942,R-05-026-05,2,leeg.pdf,30,
10943,R-05-028-01,2,leeg.pdf,30,
10944,R-05-028-01,2,leeg.pdf,30,
10945,R-05-028-02,2,leeg.pdf,30,
10946,R-05-028-02,2,leeg.pdf,30,
10947,R-05-028-03,2,leeg.pdf,30,
10948,R-05-028-03,2,leeg.pdf,30,
10949,R-05-028-04,2,leeg.pdf,30,
10950,R-05-028-04,2,leeg.pdf,30,
10951,R-05-028-05,2,leeg.pdf,30,
10952,R-05-028-05,2,leeg.pdf,30,
10953,R-05-030-01,2,leeg.pdf,30,
10954,R-05-030-01,2,leeg.pdf,30,
10955,R-05-030-02,2,leeg.pdf,30,
10956,R-05-030-02,2,leeg.pdf,30,
10957,R-05-030-03,2,leeg.pdf,30,
10958,R-05-030-03,2,leeg.pdf,30,
10959,R-05-030-04,2,leeg.pdf,30,
10960,R-05-030-04,2,leeg.pdf,30,
10961,R-05-030-05,2,leeg.pdf,30,
10962,R-05-030-05,2,leeg.pdf,30,
10963,R-05-032-01,2,leeg.pdf,30,
10964,R-05-032-01,2,leeg.pdf,30,
10965,R-05-032-02,2,leeg.pdf,30,
10966,R-05-032-02,2,leeg.pdf,30,
10967,R-05-032-03,2,leeg.pdf,30,
10968,R-05-032-03,2,leeg.pdf,30,
10969,R-05-032-04,2,leeg.pdf,30,
10970,R-05-032-04,2,leeg.pdf,30,
10971,R-05-032-05,2,leeg.pdf,30,
10972,R-05-032-05,2,leeg.pdf,30,
10973,R-05-034-01,2,leeg.pdf,30,
10974,R-05-034-01,2,leeg.pdf,30,
10975,R-05-034-02,2,leeg.pdf,30,
10976,R-05-034-02,2,leeg.pdf,30,
10977,R-05-034-03,2,leeg.pdf,30,
10978,R-05-034-03,2,leeg.pdf,30,
10979,R-05-034-04,2,leeg.pdf,30,
10980,R-05-034-04,2,leeg.pdf,30,
10981,R-05-034-05,2,leeg.pdf,30,
10982,R-05-034-05,2,leeg.pdf,30,
10983,R-05-036-01,2,leeg.pdf,30,
10984,R-05-036-01,2,leeg.pdf,30,
10985,R-05-036-02,2,leeg.pdf,30,
10986,R-05-036-02,2,leeg.pdf,30,
10987,R-05-036-03,2,leeg.pdf,30,
10988,R-05-036-03,2,leeg.pdf,30,
10989,R-05-036-04,2,leeg.pdf,30,
10990,R-05-036-04,2,leeg.pdf,30,
10991,R-05-036-05,2,leeg.pdf,30,
10992,R-05-036-05,2,leeg.pdf,30,
10993,R-05-038-01,2,leeg.pdf,30,
10994,R-05-038-01,2,leeg.pdf,30,
10995,R-05-038-02,2,leeg.pdf,30,
10996,R-05-038-02,2,leeg.pdf,30,
10997,R-05-038-03,2,leeg.pdf,30,
10998,R-05-038-03,2,leeg.pdf,30,
10999,R-05-038-04,2,leeg.pdf,30,
11000,R-05-038-04,2,leeg.pdf,30,
11001,R-05-038-05,2,leeg.pdf,30,
11002,R-05-038-05,2,leeg.pdf,30,
11003,R-05-038-06,2,leeg.pdf,30,
11004,R-05-038-06,2,leeg.pdf,30,
11005,R-05-038-07,2,leeg.pdf,30,
11006,R-05-038-07,2,leeg.pdf,30,
11007,R-05-038-08,2,leeg.pdf,30,
11008,R-05-038-08,2,leeg.pdf,30,
11009,R-05-038-09,2,leeg.pdf,30,
11010,R-05-038-09,2,leeg.pdf,30,
11011,R-05-038-10,2,leeg.pdf,30,
11012,R-05-038-10,2,leeg.pdf,30,
11013,R-05-038-11,2,leeg.pdf,30,
11014,R-05-038-11,2,leeg.pdf,30,
11015,R-05-040-01,2,leeg.pdf,30,
11016,R-05-040-01,2,leeg.pdf,30,
11017,R-05-040-02,2,leeg.pdf,30,
11018,R-05-040-02,2,leeg.pdf,30,
11019,R-05-040-03,2,leeg.pdf,30,
11020,R-05-040-03,2,leeg.pdf,30,
11021,R-05-040-04,2,leeg.pdf,30,
11022,R-05-040-04,2,leeg.pdf,30,
11023,R-05-040-05,2,leeg.pdf,30,
11024,R-05-040-05,2,leeg.pdf,30,
11025,R-05-040-06,2,leeg.pdf,30,
11026,R-05-040-06,2,leeg.pdf,30,
11027,R-05-040-07,2,leeg.pdf,30,
11028,R-05-040-07,2,leeg.pdf,30,
11029,R-05-040-08,2,leeg.pdf,30,
11030,R-05-040-08,2,leeg.pdf,30,
11031,R-05-040-09,2,leeg.pdf,30,
11032,R-05-040-09,2,leeg.pdf,30,
11033,R-05-040-10,2,leeg.pdf,30,
11034,R-05-040-10,2,leeg.pdf,30,
11035,R-05-042-01,2,leeg.pdf,30,
11036,R-05-042-01,2,leeg.pdf,30,
11037,R-05-042-02,2,leeg.pdf,30,
11038,R-05-042-02,2,leeg.pdf,30,
11039,R-05-042-03,2,leeg.pdf,30,
11040,R-05-042-03,2,leeg.pdf,30,
11041,R-05-042-04,2,leeg.pdf,30,
11042,R-05-042-04,2,leeg.pdf,30,
11043,R-05-042-05,2,leeg.pdf,30,
11044,R-05-042-05,2,leeg.pdf,30,
11045,R-05-042-06,2,leeg.pdf,30,
11046,R-05-042-06,2,leeg.pdf,30,
11047,R-05-042-07,2,leeg.pdf,30,
11048,R-05-042-07,2,leeg.pdf,30,
11049,R-05-042-08,2,leeg.pdf,30,
11050,R-05-042-08,2,leeg.pdf,30,
11051,R-05-042-09,2,leeg.pdf,30,
11052,R-05-042-09,2,leeg.pdf,30,
11053,R-05-042-10,2,leeg.pdf,30,
11054,R-05-042-10,2,leeg.pdf,30,
11055,R-05-042-11,2,leeg.pdf,30,
11056,R-05-042-11,2,leeg.pdf,30,
11057,R-05-044-01,2,leeg.pdf,30,
11058,R-05-044-01,2,leeg.pdf,30,
11059,R-05-044-02,2,leeg.pdf,30,
11060,R-05-044-02,2,leeg.pdf,30,
11061,R-05-044-03,2,leeg.pdf,30,
11062,R-05-044-03,2,leeg.pdf,30,
11063,R-05-044-04,2,leeg.pdf,30,
11064,R-05-044-04,2,leeg.pdf,30,
11065,R-05-044-05,2,leeg.pdf,30,
11066,R-05-044-05,2,leeg.pdf,30,
11067,R-05-044-06,2,leeg.pdf,30,
11068,R-05-044-06,2,leeg.pdf,30,
11069,R-05-044-07,2,leeg.pdf,30,
11070,R-05-044-07,2,leeg.pdf,30,
11071,R-05-044-08,2,leeg.pdf,30,
11072,R-05-044-08,2,leeg.pdf,30,
11073,R-05-044-09,2,leeg.pdf,30,
11074,R-05-044-09,2,leeg.pdf,30,
11075,R-05-044-10,2,leeg.pdf,30,
11076,R-05-044-10,2,leeg.pdf,30,
11077,R-05-001-01,2,leeg.pdf,30,
11078,R-05-001-01,2,leeg.pdf,30,
11079,R-05-001-02,2,leeg.pdf,30,
11080,R-05-001-02,2,leeg.pdf,30,
11081,R-05-001-03,2,leeg.pdf,30,
11082,R-05-001-03,2,leeg.pdf,30,
11083,R-05-001-04,2,leeg.pdf,30,
11084,R-05-001-04,2,leeg.pdf,30,
11085,R-05-001-05,2,leeg.pdf,30,
11086,R-05-001-05,2,leeg.pdf,30,
11087,R-05-003-01,2,leeg.pdf,30,
11088,R-05-003-01,2,leeg.pdf,30,
11089,R-05-003-02,2,leeg.pdf,30,
11090,R-05-003-02,2,leeg.pdf,30,
11091,R-05-003-03,2,leeg.pdf,30,
11092,R-05-003-03,2,leeg.pdf,30,
11093,R-05-003-04,2,leeg.pdf,30,
11094,R-05-003-04,2,leeg.pdf,30,
11095,R-05-003-05,2,leeg.pdf,30,
11096,R-05-003-05,2,leeg.pdf,30,
11097,R-05-005-01,2,leeg.pdf,30,
11098,R-05-005-01,2,leeg.pdf,30,
11099,R-05-005-02,2,leeg.pdf,30,
11100,R-05-005-02,2,leeg.pdf,30,
11101,R-05-005-03,2,leeg.pdf,30,
11102,R-05-005-03,2,leeg.pdf,30,
11103,R-05-005-04,2,leeg.pdf,30,
11104,R-05-005-04,2,leeg.pdf,30,
11105,R-05-005-05,2,leeg.pdf,30,
11106,R-05-005-05,2,leeg.pdf,30,
11107,R-05-007-01,2,leeg.pdf,30,
11108,R-05-007-01,2,leeg.pdf,30,
11109,R-05-007-02,2,leeg.pdf,30,
11110,R-05-007-02,2,leeg.pdf,30,
11111,R-05-007-03,2,leeg.pdf,30,
11112,R-05-007-03,2,leeg.pdf,30,
11113,R-05-007-04,2,leeg.pdf,30,
11114,R-05-007-04,2,leeg.pdf,30,
11115,R-05-007-05,2,leeg.pdf,30,
11116,R-05-007-05,2,leeg.pdf,30,
11117,R-05-009-01,2,leeg.pdf,30,
11118,R-05-009-01,2,leeg.pdf,30,
11119,R-05-009-02,2,leeg.pdf,30,
11120,R-05-009-02,2,leeg.pdf,30,
11121,R-05-009-03,2,leeg.pdf,30,
11122,R-05-009-03,2,leeg.pdf,30,
11123,R-05-009-04,2,leeg.pdf,30,
11124,R-05-009-04,2,leeg.pdf,30,
11125,R-05-009-05,2,leeg.pdf,30,
11126,R-05-009-05,2,leeg.pdf,30,
11127,R-05-011-01,2,leeg.pdf,30,
11128,R-05-011-01,2,leeg.pdf,30,
11129,R-05-011-02,2,leeg.pdf,30,
11130,R-05-011-02,2,leeg.pdf,30,
11131,R-05-011-03,2,leeg.pdf,30,
11132,R-05-011-03,2,leeg.pdf,30,
11133,R-05-011-04,2,leeg.pdf,30,
11134,R-05-011-04,2,leeg.pdf,30,
11135,R-05-011-05,2,leeg.pdf,30,
11136,R-05-011-05,2,leeg.pdf,30,
11137,R-05-013-01,2,leeg.pdf,30,
11138,R-05-013-01,2,leeg.pdf,30,
11139,R-05-013-02,2,leeg.pdf,30,
11140,R-05-013-02,2,leeg.pdf,30,
11141,R-05-013-03,2,leeg.pdf,30,
11142,R-05-013-03,2,leeg.pdf,30,
11143,R-05-013-04,2,leeg.pdf,30,
11144,R-05-013-04,2,leeg.pdf,30,
11145,R-05-013-05,2,leeg.pdf,30,
11146,R-05-013-05,2,leeg.pdf,30,
11147,R-05-015-01,2,leeg.pdf,30,
11148,R-05-015-01,2,leeg.pdf,30,
11149,R-05-015-02,2,leeg.pdf,30,
11150,R-05-015-02,2,leeg.pdf,30,
11151,R-05-015-03,2,leeg.pdf,30,
11152,R-05-015-03,2,leeg.pdf,30,
11153,R-05-015-04,2,leeg.pdf,30,
11154,R-05-015-04,2,leeg.pdf,30,
11155,R-05-015-05,2,leeg.pdf,30,
11156,R-05-015-05,2,leeg.pdf,30,
11157,R-05-017-01,2,leeg.pdf,30,
11158,R-05-017-01,2,leeg.pdf,30,
11159,R-05-017-02,2,leeg.pdf,30,
11160,R-05-017-02,2,leeg.pdf,30,
11161,R-05-017-03,2,leeg.pdf,30,
11162,R-05-017-03,2,leeg.pdf,30,
11163,R-05-017-04,2,leeg.pdf,30,
11164,R-05-017-04,2,leeg.pdf,30,
11165,R-05-017-05,2,leeg.pdf,30,
11166,R-05-017-05,2,leeg.pdf,30,
11167,R-05-019-01,2,leeg.pdf,30,
11168,R-05-019-01,2,leeg.pdf,30,
11169,R-05-019-02,2,leeg.pdf,30,
11170,R-05-019-02,2,leeg.pdf,30,
11171,R-05-019-03,2,leeg.pdf,30,
11172,R-05-019-03,2,leeg.pdf,30,
11173,R-05-019-04,2,leeg.pdf,30,
11174,R-05-019-04,2,leeg.pdf,30,
11175,R-05-019-05,2,leeg.pdf,30,
11176,R-05-019-05,2,leeg.pdf,30,
11177,R-05-021-01,2,leeg.pdf,30,
11178,R-05-021-01,2,leeg.pdf,30,
11179,R-05-021-02,2,leeg.pdf,30,
11180,R-05-021-02,2,leeg.pdf,30,
11181,R-05-021-03,2,leeg.pdf,30,
11182,R-05-021-03,2,leeg.pdf,30,
11183,R-05-021-04,2,leeg.pdf,30,
11184,R-05-021-04,2,leeg.pdf,30,
11185,R-05-021-05,2,leeg.pdf,30,
11186,R-05-021-05,2,leeg.pdf,30,
11187,R-05-023-01,2,leeg.pdf,30,
11188,R-05-023-01,2,leeg.pdf,30,
11189,R-05-023-02,2,leeg.pdf,30,
11190,R-05-023-02,2,leeg.pdf,30,
11191,R-05-023-03,2,leeg.pdf,30,
11192,R-05-023-03,2,leeg.pdf,30,
11193,R-05-023-04,2,leeg.pdf,30,
11194,R-05-023-04,2,leeg.pdf,30,
11195,R-05-023-05,2,leeg.pdf,30,
11196,R-05-023-05,2,leeg.pdf,30,
11197,R-05-025-01,2,leeg.pdf,30,
11198,R-05-025-01,2,leeg.pdf,30,
11199,R-05-025-02,2,leeg.pdf,30,
11200,R-05-025-02,2,leeg.pdf,30,
11201,R-05-025-03,2,leeg.pdf,30,
11202,R-05-025-03,2,leeg.pdf,30,
11203,R-05-025-04,2,leeg.pdf,30,
11204,R-05-025-04,2,leeg.pdf,30,
11205,R-05-025-05,2,leeg.pdf,30,
11206,R-05-025-05,2,leeg.pdf,30,
11207,R-05-027-01,2,leeg.pdf,30,
11208,R-05-027-01,2,leeg.pdf,30,
11209,R-05-027-02,2,leeg.pdf,30,
11210,R-05-027-02,2,leeg.pdf,30,
11211,R-05-027-03,2,leeg.pdf,30,
11212,R-05-027-03,2,leeg.pdf,30,
11213,R-05-027-04,2,leeg.pdf,30,
11214,R-05-027-04,2,leeg.pdf,30,
11215,R-05-027-05,2,leeg.pdf,30,
11216,R-05-027-05,2,leeg.pdf,30,
11217,R-05-029-01,2,leeg.pdf,30,
11218,R-05-029-01,2,leeg.pdf,30,
11219,R-05-029-02,2,leeg.pdf,30,
11220,R-05-029-02,2,leeg.pdf,30,
11221,R-05-029-03,2,leeg.pdf,30,
11222,R-05-029-03,2,leeg.pdf,30,
11223,R-05-029-04,2,leeg.pdf,30,
11224,R-05-029-04,2,leeg.pdf,30,
11225,R-05-029-05,2,leeg.pdf,30,
11226,R-05-029-05,2,leeg.pdf,30,
11227,R-05-031-01,2,leeg.pdf,30,
11228,R-05-031-01,2,leeg.pdf,30,
11229,R-05-031-02,2,leeg.pdf,30,
11230,R-05-031-02,2,leeg.pdf,30,
11231,R-05-031-03,2,leeg.pdf,30,
11232,R-05-031-03,2,leeg.pdf,30,
11233,R-05-031-04,2,leeg.pdf,30,
11234,R-05-031-04,2,leeg.pdf,30,
11235,R-05-031-05,2,leeg.pdf,30,
11236,R-05-031-05,2,leeg.pdf,30,
11237,R-05-033-01,2,leeg.pdf,30,
11238,R-05-033-01,2,leeg.pdf,30,
11239,R-05-033-02,2,leeg.pdf,30,
11240,R-05-033-02,2,leeg.pdf,30,
11241,R-05-033-03,2,leeg.pdf,30,
11242,R-05-033-03,2,leeg.pdf,30,
11243,R-05-033-04,2,leeg.pdf,30,
11244,R-05-033-04,2,leeg.pdf,30,
11245,R-05-033-05,2,leeg.pdf,30,
11246,R-05-033-05,2,leeg.pdf,30,
11247,R-05-035-01,2,leeg.pdf,30,
11248,R-05-035-01,2,leeg.pdf,30,
11249,R-05-035-02,2,leeg.pdf,30,
11250,R-05-035-02,2,leeg.pdf,30,
11251,R-05-035-03,2,leeg.pdf,30,
11252,R-05-035-03,2,leeg.pdf,30,
11253,R-05-035-04,2,leeg.pdf,30,
11254,R-05-035-04,2,leeg.pdf,30,
11255,R-05-035-05,2,leeg.pdf,30,
11256,R-05-035-05,2,leeg.pdf,30,
11257,R-05-037-01,2,leeg.pdf,30,
11258,R-05-037-01,2,leeg.pdf,30,
11259,R-05-037-02,2,leeg.pdf,30,
11260,R-05-037-02,2,leeg.pdf,30,
11261,R-05-037-03,2,leeg.pdf,30,
11262,R-05-037-03,2,leeg.pdf,30,
11263,R-05-037-04,2,leeg.pdf,30,
11264,R-05-037-04,2,leeg.pdf,30,
11265,R-05-037-05,2,leeg.pdf,30,
11266,R-05-037-05,2,leeg.pdf,30,
11267,R-05-037-06,2,leeg.pdf,30,
11268,R-05-037-06,2,leeg.pdf,30,
11269,R-05-037-07,2,leeg.pdf,30,
11270,R-05-037-07,2,leeg.pdf,30,
11271,R-05-037-08,2,leeg.pdf,30,
11272,R-05-037-08,2,leeg.pdf,30,
11273,R-05-037-09,2,leeg.pdf,30,
11274,R-05-037-09,2,leeg.pdf,30,
11275,R-05-037-10,2,leeg.pdf,30,
11276,R-05-037-10,2,leeg.pdf,30,
11277,R-05-037-11,2,leeg.pdf,30,
11278,R-05-037-11,2,leeg.pdf,30,
11279,R-05-039-01,2,leeg.pdf,30,
11280,R-05-039-01,2,leeg.pdf,30,
11281,R-05-039-02,2,leeg.pdf,30,
11282,R-05-039-02,2,leeg.pdf,30,
11283,R-05-039-03,2,leeg.pdf,30,
11284,R-05-039-03,2,leeg.pdf,30,
11285,R-05-039-04,2,leeg.pdf,30,
11286,R-05-039-04,2,leeg.pdf,30,
11287,R-05-039-05,2,leeg.pdf,30,
11288,R-05-039-05,2,leeg.pdf,30,
11289,R-05-039-06,2,leeg.pdf,30,
11290,R-05-039-06,2,leeg.pdf,30,
11291,R-05-039-07,2,leeg.pdf,30,
11292,R-05-039-07,2,leeg.pdf,30,
11293,R-05-039-08,2,leeg.pdf,30,
11294,R-05-039-08,2,leeg.pdf,30,
11295,R-05-039-09,2,leeg.pdf,30,
11296,R-05-039-09,2,leeg.pdf,30,
11297,R-05-039-10,2,leeg.pdf,30,
11298,R-05-039-10,2,leeg.pdf,30,
11299,R-05-041-01,2,leeg.pdf,30,
11300,R-05-041-01,2,leeg.pdf,30,
11301,R-05-041-02,2,leeg.pdf,30,
11302,R-05-041-02,2,leeg.pdf,30,
11303,R-05-041-03,2,leeg.pdf,30,
11304,R-05-041-03,2,leeg.pdf,30,
11305,R-05-041-04,2,leeg.pdf,30,
11306,R-05-041-04,2,leeg.pdf,30,
11307,R-05-041-05,2,leeg.pdf,30,
11308,R-05-041-05,2,leeg.pdf,30,
11309,R-05-041-06,2,leeg.pdf,30,
11310,R-05-041-06,2,leeg.pdf,30,
11311,R-05-041-07,2,leeg.pdf,30,
11312,R-05-041-07,2,leeg.pdf,30,
11313,R-05-041-08,2,leeg.pdf,30,
11314,R-05-041-08,2,leeg.pdf,30,
11315,R-05-041-09,2,leeg.pdf,30,
11316,R-05-041-09,2,leeg.pdf,30,
11317,R-05-041-10,2,leeg.pdf,30,
11318,R-05-041-10,2,leeg.pdf,30,
11319,R-05-041-11,2,leeg.pdf,30,
11320,R-05-041-11,2,leeg.pdf,30,
11321,R-05-043-01,2,leeg.pdf,30,
11322,R-05-043-01,2,leeg.pdf,30,
11323,R-05-043-02,2,leeg.pdf,30,
11324,R-05-043-02,2,leeg.pdf,30,
11325,R-05-043-03,2,leeg.pdf,30,
11326,R-05-043-03,2,leeg.pdf,30,
11327,R-05-043-04,2,leeg.pdf,30,
11328,R-05-043-04,2,leeg.pdf,30,
11329,R-05-043-05,2,leeg.pdf,30,
11330,R-05-043-05,2,leeg.pdf,30,
11331,R-05-043-06,2,leeg.pdf,30,
11332,R-05-043-06,2,leeg.pdf,30,
11333,R-05-043-07,2,leeg.pdf,30,
11334,R-05-043-07,2,leeg.pdf,30,
11335,R-05-043-08,2,leeg.pdf,30,
11336,R-05-043-08,2,leeg.pdf,30,
11337,R-05-043-09,2,leeg.pdf,30,
11338,R-05-043-09,2,leeg.pdf,30,
11339,R-05-043-10,2,leeg.pdf,30,
11340,R-05-043-10,2,leeg.pdf,30,
